{
  "disallowClassAttributeWithStaticValue": true,
  "disallowClassLiteralsBeforeIdLiterals": true,
  "disallowDuplicateAttributes": true,
  "disallowHtmlText": true,
  "disallowIdAttributeWithStaticValue": true,
  "disallowLegacyMixinCall": true,
  "disallowMultipleLineBreaks": true,
  "disallowSpaceAfterCodeOperator": true,
  "disallowSpacesInsideAttributeBrackets": true,
  "disallowStringConcatenation": true,
  "requireClassLiteralsBeforeAttributes": true,
  "requireLowerCaseAttributes": true,
  "requireLowerCaseTags": true,
  "requireStrictEqualityOperators": true,
  "validateAttributeQuoteMarks": "\"",
  "validateDivTags":true,
  "validateLineBreaks":"LF"
}
